{
  "n_test_molecules": 1341,
  "n_predicted_toxic": 651,
  "mean_attn_drop": 0.2626530992270615,
  "mean_random_drop": 0.1701340751095851,
  "mean_necessity_gap": 0.0925190241174764,
  "t_stat": 9.814315667142896,
  "p_value": 2.7013110240721902e-21,
  "pct_basic_n_in_top_attention": 42.54992319508449,
  "pct_aromatic_in_top_attention": 97.54224270353302
}